url,conference,speaker,title,legacy_raw,legacy_status,num_words,video_duration_ms,video_duration_string,video_sec,mm60_rounded_sec,mm60_matches_video,words_per_min,action,source
https://www.churchofjesuschrist.org/study/general-conference/2010/04/welcome-to-conference,2010-04,Thomas S. Monson,Welcome to Conference,,missing,720.0,488488,8:08,488.488,,,88.4,filled,video_data_duration
https://www.churchofjesuschrist.org/study/general-conference/2010/04/the-rock-of-our-redeemer,2010-04,Wilford W. Andersen,The Rock of Our Redeemer,,missing,1433.0,665000,11:05,665.0,,,129.3,filled,video_data_duration
https://www.churchofjesuschrist.org/study/general-conference/2010/04/help-them-on-their-way-home,2010-04,Henry B. Eyring,Help Them on Their Way Home,,missing,2587.0,1146678,19:06,1146.678,,,135.4,filled,video_data_duration
https://www.churchofjesuschrist.org/study/general-conference/2010/04/he-lives-all-glory-to-his-name,2010-04,Richard G. Scott,He Lives! All Glory to His Name!,,missing,1726.0,900532,15:00,900.532,,,115.0,filled,video_data_duration
https://www.churchofjesuschrist.org/study/general-conference/2010/04/we-follow-jesus-christ,2010-04,Quentin L. Cook,We Follow Jesus Christ,,missing,2182.0,967000,16:07,967.0,,,135.4,filled,video_data_duration
https://www.churchofjesuschrist.org/study/general-conference/2010/10/come-unto-me-with-full-purpose-of-heart-and-i-shall-heal-you,2010-10,Patrick Kearon,"“Come unto Me with Full Purpose of Heart, and I Shall Heal You”",,missing,1605.0,661000,11:01,661.0,,,145.7,filled,video_data_duration
https://www.churchofjesuschrist.org/study/general-conference/2010/10/and-of-some-have-compassion-making-a-difference,2010-10,Barbara Thompson,"And of Some Have Compassion, Making a Difference",,missing,1860.0,784000,13:04,784.0,,,142.3,filled,video_data_duration
https://www.churchofjesuschrist.org/study/general-conference/2010/10/our-very-survival,2010-10,Kevin R. Duncan,Our Very Survival,,missing,1340.0,544000,9:04,544.0,,,147.8,filled,video_data_duration
https://www.churchofjesuschrist.org/study/general-conference/2010/10/temple-mirrors-of-eternity-a-testimony-of-family,2010-10,Gerrit W. Gong,Temple Mirrors of Eternity: A Testimony of Family,,missing,1104.0,547513,9:07,547.513,,,121.0,filled,video_data_duration
https://www.churchofjesuschrist.org/study/general-conference/2010/10/obedience-to-the-prophets,2010-10,Claudio R. M. Costa,Obedience to the Prophets,,missing,1467.0,666000,11:06,666.0,,,132.2,filled,video_data_duration
https://www.churchofjesuschrist.org/study/general-conference/2010/10/the-divine-gift-of-gratitude,2010-10,Thomas S. Monson,The Divine Gift of Gratitude,,missing,2578.0,1386985,23:06,1386.985,,,111.5,filled,video_data_duration
https://www.churchofjesuschrist.org/study/general-conference/2011/04/sacred-keys-of-the-aaronic-priesthood,2011-04,Larry M. Gibson,Sacred Keys of the Aaronic Priesthood,,missing,1668.0,728394,12:08,728.394,,,137.4,filled,video_data_duration
https://www.churchofjesuschrist.org/study/general-conference/2011/04/desire,2011-04,Dallin H. Oaks,Desire,,missing,1959.0,967566,16:07,967.566,,,121.5,filled,video_data_duration
https://www.churchofjesuschrist.org/study/general-conference/2011/04/finding-joy-through-loving-service,2011-04,M. Russell Ballard,Finding Joy through Loving Service,,missing,1965.0,902835,15:02,902.835,,,130.6,filled,video_data_duration
https://www.churchofjesuschrist.org/study/general-conference/2011/04/the-eternal-blessings-of-marriage,2011-04,Richard G. Scott,The Eternal Blessings of Marriage,,missing,1894.0,902000,15:02,902.0,,,126.0,filled,video_data_duration
https://www.churchofjesuschrist.org/study/general-conference/2011/04/what-manner-of-men-and-women-ought-ye-to-be,2011-04,Lynn G. Robbins,What Manner of Men and Women Ought Ye to Be?,,missing,1559.0,608808,10:08,608.808,,,153.6,filled,video_data_duration
https://www.churchofjesuschrist.org/study/general-conference/2011/04/waiting-on-the-road-to-damascus,2011-04,Dieter F. Uchtdorf,Waiting on the Road to Damascus,,missing,2005.0,1020119,17:00,1020.119,,,117.9,filled,video_data_duration
https://www.churchofjesuschrist.org/study/general-conference/2011/04/the-spirit-of-revelation,2011-04,David A. Bednar,The Spirit of Revelation,,missing,2128.0,963629,16:03,963.629,,,132.5,filled,video_data_duration
https://www.churchofjesuschrist.org/study/general-conference/2011/04/guardians-of-virtue,2011-04,Elaine S. Dalton,Guardians of Virtue,,missing,2151.0,905271,15:05,905.271,,,142.6,filled,video_data_duration
https://www.churchofjesuschrist.org/study/general-conference/2011/10/dare-to-stand-alone,2011-10,Thomas S. Monson,Dare to Stand Alone,,missing,2691.0,1324022,22:04,1324.022,,,121.9,filled,video_data_duration
https://www.churchofjesuschrist.org/study/general-conference/2011/10/redemption,2011-10,LeGrand R. Curtis Jr.,Redemption,,missing,1495.0,541574,9:01,541.574,,,165.6,filled,video_data_duration
https://www.churchofjesuschrist.org/study/general-conference/2011/10/the-power-of-scripture,2011-10,Richard G. Scott,The Power of Scripture,,missing,1867.0,968000,16:08,968.0,,,115.7,filled,video_data_duration
https://www.churchofjesuschrist.org/study/general-conference/2011/10/as-we-meet-again,2011-10,Thomas S. Monson,As We Meet Again,,missing,723.0,363229,6:03,363.229,,,119.4,filled,video_data_duration
https://www.churchofjesuschrist.org/study/general-conference/2011/10/doing-the-right-thing-at-the-right-time-without-delay,2011-10,Jose L. Alonso,"Doing the Right Thing at the Right Time, without Delay",,missing,1157.0,607673,10:07,607.673,,,114.2,filled,video_data_duration
https://www.churchofjesuschrist.org/study/general-conference/2011/10/choose-eternal-life,2011-10,Randall K. Bennett,Choose Eternal Life,,missing,1282.0,609000,10:09,609.0,,,126.3,filled,video_data_duration
https://www.churchofjesuschrist.org/study/general-conference/2011/10/the-privilege-of-prayer,2011-10,J. Devn Cornish,The Privilege of Prayer,,missing,1849.0,606606,10:06,606.606,,,182.9,filled,video_data_duration
https://www.churchofjesuschrist.org/study/general-conference/2011/10/the-songs-they-could-not-sing,2011-10,Quentin L. Cook,The Songs They Could Not Sing,,missing,2129.0,963000,16:03,963.0,,,132.6,filled,video_data_duration
https://www.churchofjesuschrist.org/study/general-conference/2012/04/abide-in-the-lords-territory,2012-04,Ulisses Soares,Abide in the Lord’s Territory!,,missing,1299.0,545278,9:05,545.278,,,142.9,filled,video_data_duration
https://www.churchofjesuschrist.org/study/general-conference/2012/04/that-the-lost-may-be-found,2012-04,M. Russell Ballard,That the Lost May Be Found,,missing,1974.0,1024757,17:04,1024.757,,,115.6,filled,video_data_duration
https://www.churchofjesuschrist.org/study/general-conference/2012/04/having-the-vision-to-do,2012-04,O. Vincent Haleck,Having the Vision to Do,,missing,1504.0,544110,9:04,544.11,,,165.8,filled,video_data_duration
https://www.churchofjesuschrist.org/study/general-conference/2012/04/was-it-worth-it,2012-04,David F. Evans,Was It Worth It?,,missing,1843.0,660000,11:00,660.0,,,167.5,filled,video_data_duration
https://www.churchofjesuschrist.org/study/general-conference/2012/04/arise-and-shine-forth,2012-04,Ann M. Dibb,Arise and Shine Forth,,missing,1571.0,728194,12:08,728.194,,,129.4,filled,video_data_duration
https://www.churchofjesuschrist.org/study/general-conference/2012/10/the-joy-of-the-priesthood,2012-10,Dieter F. Uchtdorf,The Joy of the Priesthood,,missing,2064.0,1087219,18:07,1087.219,,,113.9,filled,video_data_duration
https://www.churchofjesuschrist.org/study/general-conference/2012/10/help-them-aim-high,2012-10,Henry B. Eyring,Help Them Aim High,,missing,2727.0,1201400,20:01,1201.4,,,136.2,filled,video_data_duration
https://www.churchofjesuschrist.org/study/general-conference/2012/10/be-anxiously-engaged,2012-10,M. Russell Ballard,Be Anxiously Engaged,,missing,1768.0,900000,15:00,900.0,,,117.9,filled,video_data_duration
https://www.churchofjesuschrist.org/study/general-conference/2012/10/what-shall-a-man-give-in-exchange-for-his-soul,2012-10,Robert C. Gay,What Shall a Man Give in Exchange for His Soul?,,missing,1487.0,605104,10:05,605.104,,,147.4,filled,video_data_duration
https://www.churchofjesuschrist.org/study/general-conference/2012/10/an-unspeakable-gift-from-god,2012-10,Craig C. Christensen,An Unspeakable Gift from God,,missing,1719.0,660860,11:00,660.86,,,156.1,filled,video_data_duration
https://www.churchofjesuschrist.org/study/general-conference/2012/10/one-step-closer-to-the-savior,2012-10,Russell T. Osguthorpe,One Step Closer to the Savior,,missing,1597.0,660593,11:00,660.593,,,145.1,filled,video_data_duration
https://www.churchofjesuschrist.org/study/general-conference/2012/10/first-observe-then-serve,2012-10,Linda K. Burton,"First Observe, Then Serve",,missing,1567.0,602535,10:02,602.535,,,156.0,filled,video_data_duration
https://www.churchofjesuschrist.org/study/general-conference/2013/04/the-gospel-to-all-the-world,2013-04,John B. Dickson,The Gospel to All the World,,missing,1267.0,545433,9:05,545.433,,,139.4,filled,video_data_duration
https://www.churchofjesuschrist.org/study/general-conference/2013/04/the-father-and-the-son,2013-04,Christoffel Golden,The Father and the Son,,missing,1244.0,666733,11:06,666.733,,,111.9,filled,video_data_duration
https://www.churchofjesuschrist.org/study/general-conference/2013/04/obedience-brings-blessings,2013-04,Thomas S. Monson,Obedience Brings Blessings,,missing,2313.0,1263966,21:03,1263.966,,,109.8,filled,video_data_duration
https://www.churchofjesuschrist.org/study/general-conference/2013/04/your-holy-places,2013-04,Ann M. Dibb,Your Holy Places,,missing,1553.0,727000,12:07,727.0,,,128.2,filled,video_data_duration
https://www.churchofjesuschrist.org/study/general-conference/2013/04/when-you-save-a-girl-you-save-generations,2013-04,Mary N. Cook,"When You Save a Girl, You Save Generations",,missing,1886.0,729000,12:09,729.0,,,155.2,filled,video_data_duration
https://www.churchofjesuschrist.org/study/general-conference/2013/10/ye-are-no-more-strangers,2013-10,Gérald Caussé,Ye Are No More Strangers,,missing,1679.0,727333,12:07,727.333,,,138.5,filled,video_data_duration
https://www.churchofjesuschrist.org/study/general-conference/2013/10/claim-the-blessings-of-your-covenants,2013-10,Linda S. Reeves,Claim the Blessings of Your Covenants,,missing,1565.0,724366,12:04,724.366,,,129.6,filled,video_data_duration
https://www.churchofjesuschrist.org/study/general-conference/2013/10/hastening-the-lords-game-plan,2013-10,S. Gifford Nielsen,Hastening the Lord’s Game Plan!,,missing,1476.0,546466,9:06,546.466,,,162.1,filled,video_data_duration
https://www.churchofjesuschrist.org/study/general-conference/2013/10/come-join-with-us,2013-10,Dieter F. Uchtdorf,"Come, Join with Us",17:60,unparseable,2021.0,1079766,17:59,1079.766,1080.0,True,112.3,corrected,video_data_duration
https://www.churchofjesuschrist.org/study/general-conference/2013/10/till-we-meet-again,2013-10,Thomas S. Monson,Till We Meet Again,,missing,339.0,180000,3:00,180.0,,,113.0,filled,video_data_duration
https://www.churchofjesuschrist.org/study/general-conference/2013/10/the-strength-to-endure,2013-10,Richard J. Maynes,The Strength to Endure,,missing,1824.0,785000,13:05,785.0,,,139.4,filled,video_data_duration
https://www.churchofjesuschrist.org/study/general-conference/2014/04/if-ye-love-me-keep-my-commandments,2014-04,Robert D. Hales,"“If Ye Love Me, Keep My Commandments”",,missing,1553.0,965931,16:05,965.931,,,96.5,filled,video_data_duration
https://www.churchofjesuschrist.org/study/general-conference/2014/04/the-joyful-burden-of-discipleship,2014-04,Ronald A. Rasband,The Joyful Burden of Discipleship,,missing,1418.0,668000,11:08,668.0,,,127.4,filled,video_data_duration
https://www.churchofjesuschrist.org/study/general-conference/2014/04/live-true-to-the-faith,2014-04,William R. Walker,Live True to the Faith,,missing,1679.0,666000,11:06,666.0,,,151.3,filled,video_data_duration
https://www.churchofjesuschrist.org/study/general-conference/2014/04/until-we-meet-again,2014-04,Thomas S. Monson,Until We Meet Again,,missing,519.0,245378,4:05,245.378,,,126.9,filled,video_data_duration
https://www.churchofjesuschrist.org/study/general-conference/2014/04/following-up,2014-04,M. Russell Ballard,Following Up,,missing,1903.0,962795,16:02,962.795,,,118.6,filled,video_data_duration
https://www.churchofjesuschrist.org/study/general-conference/2014/04/fear-not-i-am-with-thee,2014-04,Jean A. Stevens,“Fear Not; I Am with Thee”,,missing,1610.0,668434,11:08,668.434,,,144.5,filled,video_data_duration
https://www.churchofjesuschrist.org/study/general-conference/2014/04/daughters-in-the-covenant,2014-04,Henry B. Eyring,Daughters in the Covenant,,missing,2257.0,1027000,17:07,1027.0,,,131.9,filled,video_data_duration
https://www.churchofjesuschrist.org/study/general-conference/2014/10/guided-safely-home,2014-10,Thomas S. Monson,Guided Safely Home,,missing,1602.0,841473,14:01,841.473,,,114.2,filled,video_data_duration
https://www.churchofjesuschrist.org/study/general-conference/2014/10/finding-lasting-peace-and-building-eternal-families,2014-10,L. Tom Perry,Finding Lasting Peace and Building Eternal Families,,missing,1910.0,906405,15:06,906.405,,,126.4,filled,video_data_duration
https://www.churchofjesuschrist.org/study/general-conference/2014/10/receiving-a-testimony-of-light-and-truth,2014-10,Dieter F. Uchtdorf,Receiving a Testimony of Light and Truth,1:23,implausible,1960.0,1089121,18:09,1089.121,,,108.0,corrected,video_data_duration
https://www.churchofjesuschrist.org/study/general-conference/2014/10/make-the-exercise-of-faith-your-first-priority,2014-10,Richard G. Scott,Make the Exercise of Faith Your First Priority,,missing,1539.0,905337,15:05,905.337,,,102.0,filled,video_data_duration
https://www.churchofjesuschrist.org/study/general-conference/2014/10/the-sacrament-and-the-atonement,2014-10,James J. Hamula,The Sacrament and the Atonement,,missing,1522.0,725000,12:05,725.0,,,126.0,filled,video_data_duration
https://www.churchofjesuschrist.org/study/general-conference/2014/10/covenant-daughters-of-god,2014-10,Jean A. Stevens,Covenant Daughters of God,,missing,1735.0,787520,13:07,787.52,,,132.2,filled,video_data_duration
https://www.churchofjesuschrist.org/study/general-conference/2014/10/living-the-gospel-joyful,2014-10,Dieter F. Uchtdorf,Living the Gospel Joyful,,missing,2199.0,1208106,20:08,1208.106,,,109.2,filled,video_data_duration
https://www.churchofjesuschrist.org/study/general-conference/2015/04/yes-we-can-and-will-win,2015-04,Ulisses Soares,"Yes, We Can and Will Win!",11:60,unparseable,1675.0,719518,11:59,719.518,720.0,True,139.7,corrected,video_data_duration
https://www.churchofjesuschrist.org/study/general-conference/2015/04/why-marriage-why-family,2015-04,D. Todd Christofferson,"Why Marriage, Why Family",,missing,2100.0,908000,15:08,908.0,,,138.8,filled,video_data_duration
https://www.churchofjesuschrist.org/study/general-conference/2015/04/blessings-of-the-temple,2015-04,Thomas S. Monson,Blessings of the Temple,,missing,1441.0,661000,11:01,661.0,,,130.8,filled,video_data_duration
https://www.churchofjesuschrist.org/study/general-conference/2015/04/the-comforter,2015-04,Henry B. Eyring,The Comforter,,missing,2239.0,1022000,17:02,1022.0,,,131.4,filled,video_data_duration
https://www.churchofjesuschrist.org/study/general-conference/2015/10/faith-is-not-by-chance-but-by-choice,2015-10,Neil L. Andersen,"Faith Is Not by Chance, but by Choice",,missing,1866.0,901000,15:01,901.0,,,124.3,filled,video_data_duration
https://www.churchofjesuschrist.org/study/general-conference/2015/10/if-ye-love-me-keep-my-commandments,2015-10,Carole M. Stephens,"“If Ye Love Me, Keep My Commandments”",,missing,1593.0,669068,11:09,669.068,,,142.9,filled,video_data_duration
https://www.churchofjesuschrist.org/study/general-conference/2015/10/i-stand-all-amazed,2015-10,Ronald A. Rasband,I Stand All Amazed,,missing,899.0,422555,7:02,422.555,,,127.7,filled,video_data_duration
https://www.churchofjesuschrist.org/study/general-conference/2015/10/through-gods-eyes,2015-10,Dale G. Renlund,Through God’s Eyes,,missing,977.0,420000,7:00,420.0,,,139.6,filled,video_data_duration
https://www.churchofjesuschrist.org/study/general-conference/2015/10/let-the-clarion-trumpet-sound,2015-10,Gregory A. Schwitzer,Let the Clarion Trumpet Sound,9:60,unparseable,1401.0,599565,9:59,599.565,600.0,True,140.2,corrected,video_data_duration
https://www.churchofjesuschrist.org/study/general-conference/2016/04/standing-with-the-leaders-of-the-church,2016-04,Ronald A. Rasband,Standing with the Leaders of the Church,,missing,1880.0,840973,14:00,840.973,,,134.1,filled,video_data_duration
https://www.churchofjesuschrist.org/study/general-conference/2016/04/whoso-receiveth-them-receiveth-me,2016-04,Neil L. Andersen,"“Whoso Receiveth Them, Receiveth Me”",13:60,unparseable,1781.0,839972,13:59,839.972,840.0,True,127.2,corrected,video_data_duration
https://www.churchofjesuschrist.org/study/general-conference/2016/04/the-sacred-place-of-restoration,2016-04,Jairo Mazzagardi,The Sacred Place of Restoration,,missing,1412.0,603000,10:03,603.0,,,140.5,filled,video_data_duration
https://www.churchofjesuschrist.org/study/general-conference/2016/04/where-are-the-keys-and-authority-of-the-priesthood,2016-04,Gary E. Stevenson,Where Are the Keys and Authority of the Priesthood?,,missing,1922.0,846000,14:06,846.0,,,136.3,filled,video_data_duration
https://www.churchofjesuschrist.org/study/general-conference/2016/04/always-remember-him,2016-04,Gerrit W. Gong,Always Remember Him,,missing,1639.0,726292,12:06,726.292,,,135.4,filled,video_data_duration
https://www.churchofjesuschrist.org/study/general-conference/2016/04/fathers,2016-04,D. Todd Christofferson,Fathers,15:60,unparseable,2285.0,959925,15:59,959.925,960.0,True,142.8,corrected,video_data_duration
https://www.churchofjesuschrist.org/study/general-conference/2016/04/he-will-place-you-on-his-shoulders-and-carry-you-home,2016-04,Dieter F. Uchtdorf,He Will Place You on His Shoulders and Carry You Home,,missing,1980.0,1141440,19:01,1141.44,,,104.1,filled,video_data_duration
https://www.churchofjesuschrist.org/study/general-conference/2016/10/there-is-power-in-the-book,2016-10,LeGrand R. Curtis Jr.,There Is Power in the Book,,missing,1921.0,729000,12:09,729.0,,,158.1,filled,video_data_duration
https://www.churchofjesuschrist.org/study/general-conference/2016/10/look-to-the-book-look-to-the-lord,2016-10,Gary E. Stevenson,"Look to the Book, Look to the Lord",,missing,2201.0,906605,15:06,906.605,,,145.7,filled,video_data_duration
https://www.churchofjesuschrist.org/study/general-conference/2016/10/abide-in-my-love,2016-10,D. Todd Christofferson,“Abide in My Love”,,missing,2078.0,908974,15:08,908.974,,,137.2,filled,video_data_duration
https://www.churchofjesuschrist.org/study/general-conference/2016/10/sharing-the-restored-gospel,2016-10,Dallin H. Oaks,Sharing the Restored Gospel,,missing,1858.0,961627,16:01,961.627,,,115.9,filled,video_data_duration
https://www.churchofjesuschrist.org/study/general-conference/2016/10/a-choice-seer-will-i-raise-up,2016-10,Craig C. Christensen,“A Choice Seer Will I Raise Up”,,missing,1656.0,720219,12:00,720.219,,,138.0,filled,video_data_duration
https://www.churchofjesuschrist.org/study/general-conference/2016/10/the-doctrine-of-christ,2016-10,Brian K. Ashton,The Doctrine of Christ,,missing,1768.0,668000,11:08,668.0,,,158.8,filled,video_data_duration
https://www.churchofjesuschrist.org/study/general-conference/2016/10/joy-and-spiritual-survival,2016-10,Russell M. Nelson,Joy and Spiritual Survival,,missing,1631.0,1021220,17:01,1021.22,,,95.8,filled,video_data_duration
https://www.churchofjesuschrist.org/study/general-conference/2016/10/the-great-plan-of-redemption,2016-10,Linda S. Reeves,The Great Plan of Redemption,,missing,1482.0,668000,11:08,668.0,,,133.1,filled,video_data_duration
https://www.churchofjesuschrist.org/study/general-conference/2016/10/the-master-healer,2016-10,Carole M. Stephens,The Master Healer,,missing,1672.0,780513,13:00,780.513,,,128.5,filled,video_data_duration
https://www.churchofjesuschrist.org/study/general-conference/2017/04/kindness-charity-and-love,2017-04,Thomas S. Monson,"Kindness, Charity, and Love",,missing,407.0,243000,4:03,243.0,,,100.5,filled,video_data_duration
https://www.churchofjesuschrist.org/study/general-conference/2017/04/the-greatest-among-you,2017-04,Dieter F. Uchtdorf,The Greatest among You,,missing,2077.0,1205571,20:05,1205.571,,,103.4,filled,video_data_duration
https://www.churchofjesuschrist.org/study/general-conference/2017/04/becoming-a-disciple-of-our-lord-jesus-christ,2017-04,Robert D. Hales,Becoming a Disciple of Our Lord Jesus Christ,,missing,1278.0,667000,11:07,667.0,,,115.0,filled,video_data_duration
https://www.churchofjesuschrist.org/study/general-conference/2017/04/gathering-the-family-of-god,2017-04,Henry B. Eyring,Gathering the Family of God,,missing,2471.0,1081013,18:01,1081.013,,,137.1,filled,video_data_duration
https://www.churchofjesuschrist.org/study/general-conference/2017/04/confide-in-god-unwaveringly,2017-04,Ulisses Soares,Confide in God Unwaveringly,,missing,1510.0,669000,11:09,669.0,,,135.4,filled,video_data_duration
https://www.churchofjesuschrist.org/study/general-conference/2017/04/to-the-friends-and-investigators-of-the-church,2017-04,Joaquin E. Costa,To the Friends and Investigators of the Church,,missing,1294.0,603636,10:03,603.636,,,128.6,filled,video_data_duration
https://www.churchofjesuschrist.org/study/general-conference/2017/04/that-our-light-may-be-a-standard-for-the-nations,2017-04,Benjamín De Hoyos,That Our Light May Be a Standard for the Nations,,missing,1358.0,669135,11:09,669.135,,,121.8,filled,video_data_duration
https://www.churchofjesuschrist.org/study/general-conference/2017/10/repentance-is-always-positive,2017-10,Stephen W. Owen,Repentance Is Always Positive,,missing,1470.0,609000,10:09,609.0,,,144.8,filled,video_data_duration
https://www.churchofjesuschrist.org/study/general-conference/2017/10/the-book-of-mormon-what-would-your-life-be-like-without-it,2017-10,Russell M. Nelson,The Book of Mormon: What Would Your Life Be Like without It?,,missing,2062.0,901000,15:01,901.0,,,137.3,filled,video_data_duration
https://www.churchofjesuschrist.org/study/general-conference/2017/10/the-needs-before-us,2017-10,Bonnie L. Oscarson,The Needs before Us,,missing,1842.0,726625,12:06,726.625,,,152.1,filled,video_data_duration
https://www.churchofjesuschrist.org/study/general-conference/2017/10/the-plan-and-the-proclamation,2017-10,Dallin H. Oaks,The Plan and the Proclamation,,missing,1974.0,964563,16:04,964.563,,,122.8,filled,video_data_duration
https://www.churchofjesuschrist.org/study/general-conference/2017/10/apart-but-still-one,2017-10,Joni L. Koch,"Apart, but Still One",,missing,1095.0,543000,9:03,543.0,,,121.0,filled,video_data_duration
https://www.churchofjesuschrist.org/study/general-conference/2017/10/do-we-trust-him-hard-is-good,2017-10,Stanley G. Ellis,Do We Trust Him? Hard Is Good,,missing,1812.0,660000,11:00,660.0,,,164.7,filled,video_data_duration
https://www.churchofjesuschrist.org/study/general-conference/2017/10/has-the-day-of-miracles-ceased,2017-10,Donald L. Hallstrom,Has the Day of Miracles Ceased?,,missing,1267.0,608708,10:08,608.708,,,124.9,filled,video_data_duration
https://www.churchofjesuschrist.org/study/general-conference/2017/10/exceeding-great-and-precious-promises,2017-10,David A. Bednar,Exceeding Great and Precious Promises,,missing,2037.0,1027259,17:07,1027.259,,,119.0,filled,video_data_duration
https://www.churchofjesuschrist.org/study/general-conference/2017/10/turn-to-the-lord,2017-10,W. Christopher Waddell,Turn to the Lord,,missing,1778.0,726425,12:06,726.425,,,146.9,filled,video_data_duration
https://www.churchofjesuschrist.org/study/general-conference/2017/10/value-beyond-measure,2017-10,Joy D. Jones,Value beyond Measure,,missing,1548.0,720000,12:00,720.0,,,129.0,filled,video_data_duration
https://www.churchofjesuschrist.org/study/general-conference/2018/04/the-powers-of-the-priesthood,2018-04,Dallin H. Oaks,The Powers of the Priesthood,,missing,1894.0,962000,16:02,962.0,,,118.1,filled,video_data_duration
https://www.churchofjesuschrist.org/study/general-conference/2018/04/meek-and-lowly-of-heart,2018-04,David A. Bednar,Meek and Lowly of Heart,,missing,1907.0,962394,16:02,962.394,,,118.9,filled,video_data_duration
https://www.churchofjesuschrist.org/study/general-conference/2018/04/young-women-in-the-work,2018-04,Bonnie L. Oscarson,Young Women in the Work,,missing,1593.0,607807,10:07,607.807,,,157.3,filled,video_data_duration
https://www.churchofjesuschrist.org/study/general-conference/2018/04/the-heart-of-a-prophet,2018-04,Gary E. Stevenson,The Heart of a Prophet,,missing,2129.0,907973,15:07,907.973,,,140.7,filled,video_data_duration
https://www.churchofjesuschrist.org/study/general-conference/2018/04/the-prophet-of-god,2018-04,Neil L. Andersen,The Prophet of God,,missing,1876.0,964000,16:04,964.0,,,116.8,filled,video_data_duration
https://www.churchofjesuschrist.org/study/general-conference/2018/04/ministering-as-the-savior-does,2018-04,Jean B. Bingham,Ministering as the Savior Does,,missing,1953.0,784350,13:04,784.35,,,149.4,filled,video_data_duration
https://www.churchofjesuschrist.org/study/general-conference/2018/04/it-is-all-about-people,2018-04,Gérald Caussé,It Is All about People,,missing,1603.0,720086,12:00,720.086,,,133.6,filled,video_data_duration
https://www.churchofjesuschrist.org/study/general-conference/2018/04/prepare-to-meet-god,2018-04,Quentin L. Cook,Prepare to Meet God,,missing,1978.0,905371,15:05,905.371,,,131.1,filled,video_data_duration
https://www.churchofjesuschrist.org/study/general-conference/2018/04/let-us-all-press-on,2018-04,Russell M. Nelson,Let Us All Press On,,missing,606.0,361094,6:01,361.094,,,100.7,filled,video_data_duration
https://www.churchofjesuschrist.org/study/general-conference/2018/04/his-spirit-to-be-with-you,2018-04,Henry B. Eyring,His Spirit to Be with You,,missing,2180.0,1022654,17:02,1022.654,,,127.9,filled,video_data_duration
https://www.churchofjesuschrist.org/study/general-conference/2018/10/try-try-try,2018-10,Henry B. Eyring,"Try, Try, Try",15:60,unparseable,2029.0,959792,15:59,959.792,960.0,True,126.8,corrected,video_data_duration
https://www.churchofjesuschrist.org/study/general-conference/2018/10/now-is-the-time,2018-10,Jack N. Gerard,Now Is the Time,,missing,1412.0,669368,11:09,669.368,,,126.6,filled,video_data_duration
https://www.churchofjesuschrist.org/study/general-conference/2018/10/becoming-exemplary-latter-day-saints,2018-10,Russell M. Nelson,Becoming Exemplary Latter-day Saints,,missing,774.0,482849,8:02,482.849,,,96.2,filled,video_data_duration
https://www.churchofjesuschrist.org/study/general-conference/2018/10/women-and-gospel-learning-in-the-home,2018-10,Henry B. Eyring,Women and Gospel Learning in the Home,,missing,1746.0,842000,14:02,842.0,,,124.4,filled,video_data_duration
https://www.churchofjesuschrist.org/study/general-conference/2019/04/16eyring,2019-04,Henry B. Eyring,A Home Where the Spirit of the Lord Dwells,,missing,2247.0,1145866,19:05,1145.866,,,117.7,filled,video_data_duration
https://www.churchofjesuschrist.org/study/general-conference/2019/10/24nelson,2019-10,Russell M. Nelson,"Witnesses, Aaronic Priesthood Quorums, and Young Women Classes",,missing,453.0,242809,4:02,242.809,,,111.9,filled,video_data_duration
https://www.churchofjesuschrist.org/study/general-conference/2019/10/54johnson,2019-10,Peter M. Johnson,Power to Overcome the Adversary,,missing,1419.0,607206,10:07,607.206,,,140.2,filled,video_data_duration
https://www.churchofjesuschrist.org/study/general-conference/2019/10/33cordon,2019-10,Bonnie H. Cordon,Beloved Daughters,,missing,1474.0,784300,13:04,784.3,,,112.8,filled,video_data_duration
https://www.churchofjesuschrist.org/study/general-conference/2020/04/27tai,2020-04,Benjamin M. Z. Tai,The Power of the Book of Mormon in Conversion,,missing,1346.0,541000,9:01,541.0,,,149.3,filled,video_data_duration
https://www.churchofjesuschrist.org/study/general-conference/2020/04/32alvarez,2020-04,Laudy Ruth Kaouk Alvarez,How the Priesthood Blesses Youth,,missing,935.0,367400,6:07,367.4,,,152.7,filled,video_data_duration
https://www.churchofjesuschrist.org/study/general-conference/2020/04/14jones,2020-04,Joy D. Jones,An Especially Noble Calling,1:55,implausible,1345.0,114547,1:54,114.547,,,704.5,unresolved_video_implausible,video_data_duration
https://www.churchofjesuschrist.org/study/general-conference/2020/04/51oaks,2020-04,Dallin H. Oaks,The Great Plan,,missing,1963.0,963000,16:03,963.0,,,122.3,filled,video_data_duration
https://www.churchofjesuschrist.org/study/general-conference/2020/04/53gimenez,2020-04,Ricardo P. Giménez,Finding Refuge from the Storms of Life,,missing,1579.0,665998,11:05,665.998,,,142.3,filled,video_data_duration
https://www.churchofjesuschrist.org/study/general-conference/2020/04/41rasband,2020-04,Ronald A. Rasband,Fulfillment of Prophecy,,missing,1833.0,903000,15:03,903.0,,,121.8,filled,video_data_duration
https://www.churchofjesuschrist.org/study/general-conference/2020/10/25waddell,2020-10,W. Christopher Waddell,There Was Bread,,missing,1457.0,607173,10:07,607.173,,,144.0,filled,video_data_duration
https://www.churchofjesuschrist.org/study/general-conference/2020/10/27jackson,2020-10,William K. Jackson,The Culture of Christ,,missing,1500.0,609000,10:09,609.0,,,147.8,filled,video_data_duration
https://www.churchofjesuschrist.org/study/general-conference/2020/10/11nelson,2020-10,Russell M. Nelson,Moving Forward,,missing,537.0,307733,5:07,307.733,,,104.7,filled,video_data_duration
https://www.churchofjesuschrist.org/study/general-conference/2020/10/53stevenson,2020-10,Gary E. Stevenson,Highly Favored of the Lord,,missing,1860.0,847346,14:07,847.346,,,131.7,filled,video_data_duration
https://www.churchofjesuschrist.org/study/general-conference/2020/10/41ballard,2020-10,M. Russell Ballard,"Watch Ye Therefore, and Pray Always",,missing,1722.0,901133,15:01,901.133,,,114.7,filled,video_data_duration
https://www.churchofjesuschrist.org/study/general-conference/2020/10/42harkness,2020-10,Lisa L. Harkness,"Peace, Be Still",,missing,1411.0,660493,11:00,660.493,,,128.2,filled,video_data_duration
https://www.churchofjesuschrist.org/study/general-conference/2020/10/45andersen,2020-10,Neil L. Andersen,We Talk of Christ,,missing,1792.0,901267,15:01,901.267,,,119.3,filled,video_data_duration
https://www.churchofjesuschrist.org/study/general-conference/2020/10/31eubank,2020-10,Sharon Eubank,By Union of Feeling We Obtain Power with God,,missing,1593.0,606539,10:06,606.539,,,157.6,filled,video_data_duration
