conference,session,site_slot,kind,title,presenter,duration_sec,duration_string,url
2020-10,saturday-afternoon,1,sustaining,"Sustaining of General Authorities, Area Seventies, and General Officers",Henry B. Eyring,446.0,7:26,https://www.churchofjesuschrist.org/study/general-conference/2020/10/21eyring
2021-04,saturday-afternoon,1,sustaining,"Sustaining of General Authorities, Area Seventies, and General Officers",Dallin H. Oaks,401.0,6:41,https://www.churchofjesuschrist.org/study/general-conference/2021/04/21oaks
2021-04,saturday-afternoon,2,audit_report,"Church Auditing Department Report, 2020",Jared B. Larson,100.834,1:40,https://www.churchofjesuschrist.org/study/general-conference/2021/04/22larson
2021-10,saturday-afternoon,1,sustaining,"Sustaining of General Authorities, Area Seventies, and General Officers",Henry B. Eyring,276.843,4:36,https://www.churchofjesuschrist.org/study/general-conference/2021/10/21eyring
2022-04,saturday-afternoon,1,sustaining,"Sustaining of General Authorities, Area Seventies, and General Officers",Dallin H. Oaks,453.0,7:33,https://www.churchofjesuschrist.org/study/general-conference/2022/04/21oaks
2022-04,saturday-afternoon,2,audit_report,"Church Auditing Department Report, 2021",Jared B. Larson,101.935,1:41,https://www.churchofjesuschrist.org/study/general-conference/2022/04/22larson
2022-10,saturday-afternoon,1,sustaining,"Sustaining of General Authorities, Area Seventies, and General Officers",Henry B. Eyring,274.641,4:34,https://www.churchofjesuschrist.org/study/general-conference/2022/10/21eyring
2023-04,saturday-afternoon,1,sustaining,"Sustaining of General Authorities, Area Seventies, and General Officers",Dallin H. Oaks,538.17,8:58,https://www.churchofjesuschrist.org/study/general-conference/2023/04/21oaks
2023-04,saturday-afternoon,2,audit_report,"Church Auditing Department Report, 2022",Jared B. Larson,122.455,2:02,https://www.churchofjesuschrist.org/study/general-conference/2023/04/22larson
2023-10,saturday-afternoon,1,sustaining,"Sustaining of General Authorities, Area Seventies, and General Officers",Henry B. Eyring,268.801,4:28,https://www.churchofjesuschrist.org/study/general-conference/2023/10/21eyring
2024-04,saturday-morning,1,sustaining,"Sustaining of General Authorities, Area Seventies, and General Officers",Dallin H. Oaks,524.123,8:44,https://www.churchofjesuschrist.org/study/general-conference/2024/04/11oaks
2024-04,saturday-morning,2,audit_report,"Church Auditing Department Report, 2023",Jared B. Larson,105.538,1:45,https://www.churchofjesuschrist.org/study/general-conference/2024/04/12larson
2024-10,saturday-morning,1,sustaining,"Sustaining of General Authorities, Area Seventies, and General Officers",Henry B. Eyring,256.533,4:16,https://www.churchofjesuschrist.org/study/general-conference/2024/10/11eyring
2025-04,saturday-morning,1,sustaining,"Sustaining of General Authorities, Area Seventies, and General Officers",Dallin H. Oaks,503.8,8:23,https://www.churchofjesuschrist.org/study/general-conference/2025/04/11oaks
2025-04,saturday-morning,2,audit_report,"Church Auditing Department Report, 2024",Jared B. Larson,103.966,1:43,https://www.churchofjesuschrist.org/study/general-conference/2025/04/12larson
2025-10,saturday-morning,2,sustaining,"Sustaining of General Authorities, Area Seventies, and General Officers",Henry B. Eyring,205.74,3:25,https://www.churchofjesuschrist.org/study/general-conference/2025/10/11eyring
2026-04,saturday-afternoon,1,sustaining,"Sustaining of General Authorities, Area Seventies, and General Officers",D. Todd Christofferson,310.08,5:10,https://www.churchofjesuschrist.org/study/general-conference/2026/04/21christofferson
2026-04,saturday-afternoon,2,audit_report,"Church Auditing Department Report, 2025",Jared B. Larson,104.87,1:44,https://www.churchofjesuschrist.org/study/general-conference/2026/04/22larson
2026-04,saturday-morning,2,solemn_assembly,Solemn Assembly,D. Todd Christofferson,578.91,9:38,https://www.churchofjesuschrist.org/study/general-conference/2026/04/12christofferson
