conference,session,uri,title,subtitle,site_slot
2020-10,saturday-afternoon,/study/general-conference/2020/10/21eyring,"Sustaining of General Authorities, Area Seventies, and General Officers",Henry B. Eyring,1
2020-10,womens,/study/general-conference/2020/10/33video,Video: The Light That Shineth in Darkness,,4
2021-04,saturday-afternoon,/study/general-conference/2021/04/21oaks,"Sustaining of General Authorities, Area Seventies, and General Officers",Dallin H. Oaks,1
2021-04,saturday-afternoon,/study/general-conference/2021/04/22larson,"Church Auditing Department Report, 2020",Jared B. Larson,2
2021-10,saturday-afternoon,/study/general-conference/2021/10/21eyring,"Sustaining of General Authorities, Area Seventies, and General Officers",Henry B. Eyring,1
2022-04,saturday-afternoon,/study/general-conference/2022/04/21oaks,"Sustaining of General Authorities, Area Seventies, and General Officers",Dallin H. Oaks,1
2022-04,saturday-afternoon,/study/general-conference/2022/04/22larson,"Church Auditing Department Report, 2021",Jared B. Larson,2
2022-04,womens,/study/general-conference/2022/04/34video,Video: “You Are the Women He Foresaw”,,4
2022-10,saturday-afternoon,/study/general-conference/2022/10/21eyring,"Sustaining of General Authorities, Area Seventies, and General Officers",Henry B. Eyring,1
2023-04,saturday-afternoon,/study/general-conference/2023/04/21oaks,"Sustaining of General Authorities, Area Seventies, and General Officers",Dallin H. Oaks,1
2023-04,saturday-afternoon,/study/general-conference/2023/04/22larson,"Church Auditing Department Report, 2022",Jared B. Larson,2
2023-10,saturday-afternoon,/study/general-conference/2023/10/21eyring,"Sustaining of General Authorities, Area Seventies, and General Officers",Henry B. Eyring,1
2024-04,saturday-morning,/study/general-conference/2024/04/11oaks,"Sustaining of General Authorities, Area Seventies, and General Officers",Dallin H. Oaks,1
2024-04,saturday-morning,/study/general-conference/2024/04/12larson,"Church Auditing Department Report, 2023",Jared B. Larson,2
2024-10,saturday-morning,/study/general-conference/2024/10/11eyring,"Sustaining of General Authorities, Area Seventies, and General Officers",Henry B. Eyring,1
2025-04,saturday-morning,/study/general-conference/2025/04/11oaks,"Sustaining of General Authorities, Area Seventies, and General Officers",Dallin H. Oaks,1
2025-04,saturday-morning,/study/general-conference/2025/04/12larson,"Church Auditing Department Report, 2024",Jared B. Larson,2
2025-10,saturday-morning,/study/general-conference/2025/10/11eyring,"Sustaining of General Authorities, Area Seventies, and General Officers",Henry B. Eyring,2
2026-04,saturday-morning,/study/general-conference/2026/04/12christofferson,Solemn Assembly,D. Todd Christofferson,2
2026-04,saturday-afternoon,/study/general-conference/2026/04/21christofferson,"Sustaining of General Authorities, Area Seventies, and General Officers",D. Todd Christofferson,1
2026-04,saturday-afternoon,/study/general-conference/2026/04/22larson,"Church Auditing Department Report, 2025",Jared B. Larson,2
2026-10,saturday-morning,/study/general-conference/2026/10/11christofferson,"Sustaining of General Authorities, Area Seventies, and General Officers",D. Todd Christofferson,1
