logged_at,conference,speaker,calling,calling_group,session,speaker_order,model,model_version,pred_sec,pred_mmss,actual_sec,actual_mmss,actual_source
2026-10-03T16:04:41+00:00,2026-10,Sustaining of Officers,sustaining,program_item,saturday-morning,0,program_mean,program_items:3,243.7,4:04,209.34,3:29,video_data_duration
2026-10-03T16:13:31+00:00,2026-10,Gerrit W. Gong,Of the Quorum of the Twelve Apostles,twelve,saturday-morning,1,catboost,2026-10-03T02:59:32+00:00,747.6,12:28,683.45,11:23,video_data_duration
2026-10-03T16:13:31+00:00,2026-10,Gerrit W. Gong,Of the Quorum of the Twelve Apostles,twelve,saturday-morning,1,naive,2026-10-03T02:59:32+00:00,708.4,11:48,683.45,11:23,video_data_duration
2026-10-03T16:13:31+00:00,2026-10,Gerrit W. Gong,Of the Quorum of the Twelve Apostles,twelve,saturday-morning,1,baseline,2026-10-03T02:59:32+00:00,804.9,13:25,683.45,11:23,video_data_duration
2026-10-03T16:13:31+00:00,2026-10,Gerrit W. Gong,Of the Quorum of the Twelve Apostles,twelve,saturday-morning,1,ridge,2026-10-03T02:59:32+00:00,726.6,12:07,683.45,11:23,video_data_duration
2026-10-03T16:24:30+00:00,2026-10,Tamara W. Runia,First Counselor in the Young Women General Presidency,auxiliary_counselor,saturday-morning,2,catboost,2026-10-03T02:59:32+00:00,650.8,10:51,524.059,8:44,video_data_duration
2026-10-03T16:24:30+00:00,2026-10,Tamara W. Runia,First Counselor in the Young Women General Presidency,auxiliary_counselor,saturday-morning,2,naive,2026-10-03T02:59:32+00:00,708.4,11:48,524.059,8:44,video_data_duration
2026-10-03T16:24:30+00:00,2026-10,Tamara W. Runia,First Counselor in the Young Women General Presidency,auxiliary_counselor,saturday-morning,2,baseline,2026-10-03T02:59:32+00:00,683.3,11:23,524.059,8:44,video_data_duration
2026-10-03T16:24:30+00:00,2026-10,Tamara W. Runia,First Counselor in the Young Women General Presidency,auxiliary_counselor,saturday-morning,2,ridge,2026-10-03T02:59:32+00:00,661.0,11:01,524.059,8:44,video_data_duration
2026-10-03T16:37:40+00:00,2026-10,Gérald Caussé,Of the Quorum of the Twelve Apostles,twelve,saturday-morning,3,catboost,2026-10-03T02:59:32+00:00,742.4,12:22,703.97,11:44,video_data_duration
2026-10-03T16:37:40+00:00,2026-10,Gérald Caussé,Of the Quorum of the Twelve Apostles,twelve,saturday-morning,3,naive,2026-10-03T02:59:32+00:00,708.4,11:48,703.97,11:44,video_data_duration
2026-10-03T16:37:40+00:00,2026-10,Gérald Caussé,Of the Quorum of the Twelve Apostles,twelve,saturday-morning,3,baseline,2026-10-03T02:59:32+00:00,745.6,12:26,703.97,11:44,video_data_duration
2026-10-03T16:37:40+00:00,2026-10,Gérald Caussé,Of the Quorum of the Twelve Apostles,twelve,saturday-morning,3,ridge,2026-10-03T02:59:32+00:00,811.6,13:32,703.97,11:44,video_data_duration
2026-10-03T16:49:29+00:00,2026-10,Vaiangina Sikahema,Of the Seventy,seventy,saturday-morning,4,catboost,2026-10-03T02:59:32+00:00,625.3,10:25,535.6,8:56,video_data_duration
2026-10-03T16:49:29+00:00,2026-10,Vaiangina Sikahema,Of the Seventy,seventy,saturday-morning,4,naive,2026-10-03T02:59:32+00:00,708.4,11:48,535.6,8:56,video_data_duration
2026-10-03T16:49:29+00:00,2026-10,Vaiangina Sikahema,Of the Seventy,seventy,saturday-morning,4,baseline,2026-10-03T02:59:32+00:00,617.1,10:17,535.6,8:56,video_data_duration
2026-10-03T16:49:29+00:00,2026-10,Vaiangina Sikahema,Of the Seventy,seventy,saturday-morning,4,ridge,2026-10-03T02:59:32+00:00,611.2,10:11,535.6,8:56,video_data_duration
2026-10-03T17:52:56+00:00,2026-10,Kevin J. Hathaway,Of the Seventy,seventy,saturday-morning,5,catboost,2026-10-03T02:59:32+00:00,627.0,10:27,491.32,8:11,video_data_duration
2026-10-03T17:52:56+00:00,2026-10,Kevin J. Hathaway,Of the Seventy,seventy,saturday-morning,5,naive,2026-10-03T02:59:32+00:00,708.4,11:48,491.32,8:11,video_data_duration
2026-10-03T17:52:56+00:00,2026-10,Kevin J. Hathaway,Of the Seventy,seventy,saturday-morning,5,baseline,2026-10-03T02:59:32+00:00,626.3,10:26,491.32,8:11,video_data_duration
2026-10-03T17:52:56+00:00,2026-10,Kevin J. Hathaway,Of the Seventy,seventy,saturday-morning,5,ridge,2026-10-03T02:59:32+00:00,634.9,10:35,491.32,8:11,video_data_duration
2026-10-03T18:00:31+00:00,2026-10,Ulisses Soares,Of the Quorum of the Twelve Apostles,twelve,saturday-morning,6,catboost,2026-10-03T02:59:32+00:00,771.5,12:52,641.84,10:42,video_data_duration
2026-10-03T18:00:31+00:00,2026-10,Ulisses Soares,Of the Quorum of the Twelve Apostles,twelve,saturday-morning,6,naive,2026-10-03T02:59:32+00:00,708.4,11:48,641.84,10:42,video_data_duration
2026-10-03T18:00:31+00:00,2026-10,Ulisses Soares,Of the Quorum of the Twelve Apostles,twelve,saturday-morning,6,baseline,2026-10-03T02:59:32+00:00,804.7,13:25,641.84,10:42,video_data_duration
2026-10-03T18:00:31+00:00,2026-10,Ulisses Soares,Of the Quorum of the Twelve Apostles,twelve,saturday-morning,6,ridge,2026-10-03T02:59:32+00:00,794.1,13:14,641.84,10:42,video_data_duration
2026-10-03T18:02:33+00:00,2026-10,Sean Douglas,Second Couselor Presiding Bishopric,presiding_bishopric,saturday-morning,7,catboost,2026-10-03T02:59:32+00:00,661.1,11:01,494.86,8:15,video_data_duration
2026-10-03T18:02:33+00:00,2026-10,Sean Douglas,Second Couselor Presiding Bishopric,presiding_bishopric,saturday-morning,7,naive,2026-10-03T02:59:32+00:00,708.4,11:48,494.86,8:15,video_data_duration
2026-10-03T18:02:33+00:00,2026-10,Sean Douglas,Second Couselor Presiding Bishopric,presiding_bishopric,saturday-morning,7,baseline,2026-10-03T02:59:32+00:00,662.9,11:03,494.86,8:15,video_data_duration
2026-10-03T18:02:33+00:00,2026-10,Sean Douglas,Second Couselor Presiding Bishopric,presiding_bishopric,saturday-morning,7,ridge,2026-10-03T02:59:32+00:00,635.9,10:36,494.86,8:15,video_data_duration
2026-10-03T18:04:39+00:00,2026-10,D. Todd Christofferson,Second Counselor in the First Presidency,first_presidency_counselor,saturday-morning,8,catboost,2026-10-03T02:59:32+00:00,814.3,13:34,766.83,12:47,video_data_duration
2026-10-03T18:04:39+00:00,2026-10,D. Todd Christofferson,Second Counselor in the First Presidency,first_presidency_counselor,saturday-morning,8,naive,2026-10-03T02:59:32+00:00,708.4,11:48,766.83,12:47,video_data_duration
2026-10-03T18:04:39+00:00,2026-10,D. Todd Christofferson,Second Counselor in the First Presidency,first_presidency_counselor,saturday-morning,8,baseline,2026-10-03T02:59:32+00:00,899.6,15:00,766.83,12:47,video_data_duration
2026-10-03T18:04:39+00:00,2026-10,D. Todd Christofferson,Second Counselor in the First Presidency,first_presidency_counselor,saturday-morning,8,ridge,2026-10-03T02:59:32+00:00,914.9,15:15,766.83,12:47,video_data_duration
2026-10-03T20:07:38+00:00,2026-10,Dale G. Renlund,Of the Quorum of the Twelve Apostles,twelve,saturday-afternoon,1,catboost,2026-10-03T02:59:32+00:00,749.8,12:30,627.53,10:28,video_data_duration
2026-10-03T20:07:38+00:00,2026-10,Dale G. Renlund,Of the Quorum of the Twelve Apostles,twelve,saturday-afternoon,1,naive,2026-10-03T02:59:32+00:00,708.4,11:48,627.53,10:28,video_data_duration
2026-10-03T20:07:38+00:00,2026-10,Dale G. Renlund,Of the Quorum of the Twelve Apostles,twelve,saturday-afternoon,1,baseline,2026-10-03T02:59:32+00:00,818.6,13:39,627.53,10:28,video_data_duration
2026-10-03T20:07:38+00:00,2026-10,Dale G. Renlund,Of the Quorum of the Twelve Apostles,twelve,saturday-afternoon,1,ridge,2026-10-03T02:59:32+00:00,750.0,12:30,627.53,10:28,video_data_duration
2026-10-03T20:07:38+00:00,2026-10,Dale G. Renlund,Of the Quorum of the Twelve Apostles,twelve,saturday-afternoon,1,catboost_adj,2026-10-03T02:59:32+00:00,672.4,11:12,627.53,10:28,video_data_duration
2026-10-03T20:19:05+00:00,2026-10,Timothy L. Farnes,Young Men General President,auxiliary_president,saturday-afternoon,2,catboost,2026-10-03T02:59:32+00:00,662.6,11:03,550.45,9:10,video_data_duration
2026-10-03T20:19:05+00:00,2026-10,Timothy L. Farnes,Young Men General President,auxiliary_president,saturday-afternoon,2,naive,2026-10-03T02:59:32+00:00,708.4,11:48,550.45,9:10,video_data_duration
2026-10-03T20:19:05+00:00,2026-10,Timothy L. Farnes,Young Men General President,auxiliary_president,saturday-afternoon,2,baseline,2026-10-03T02:59:32+00:00,693.9,11:34,550.45,9:10,video_data_duration
2026-10-03T20:19:05+00:00,2026-10,Timothy L. Farnes,Young Men General President,auxiliary_president,saturday-afternoon,2,ridge,2026-10-03T02:59:32+00:00,624.3,10:24,550.45,9:10,video_data_duration
2026-10-03T20:19:05+00:00,2026-10,Timothy L. Farnes,Young Men General President,auxiliary_president,saturday-afternoon,2,catboost_adj,2026-10-03T02:59:32+00:00,580.6,9:41,550.45,9:10,video_data_duration
2026-10-03T20:28:32+00:00,2026-10,Christian C. Chigbundu,Of the Seventy,seventy,saturday-afternoon,3,catboost,2026-10-03T02:59:32+00:00,625.6,10:26,514.28,8:34,video_data_duration
2026-10-03T20:28:32+00:00,2026-10,Christian C. Chigbundu,Of the Seventy,seventy,saturday-afternoon,3,naive,2026-10-03T02:59:32+00:00,708.4,11:48,514.28,8:34,video_data_duration
2026-10-03T20:28:32+00:00,2026-10,Christian C. Chigbundu,Of the Seventy,seventy,saturday-afternoon,3,baseline,2026-10-03T02:59:32+00:00,626.3,10:26,514.28,8:34,video_data_duration
2026-10-03T20:28:32+00:00,2026-10,Christian C. Chigbundu,Of the Seventy,seventy,saturday-afternoon,3,ridge,2026-10-03T02:59:32+00:00,621.0,10:21,514.28,8:34,video_data_duration
2026-10-03T20:28:32+00:00,2026-10,Christian C. Chigbundu,Of the Seventy,seventy,saturday-afternoon,3,catboost_adj,2026-10-03T02:59:32+00:00,540.2,9:00,514.28,8:34,video_data_duration
2026-10-03T20:39:30+00:00,2026-10,Patricio M. Giuffra,Of the Seventy,seventy,saturday-afternoon,4,catboost,2026-10-03T02:59:32+00:00,628.9,10:29,454.05,7:34,video_data_duration
2026-10-03T20:39:30+00:00,2026-10,Patricio M. Giuffra,Of the Seventy,seventy,saturday-afternoon,4,naive,2026-10-03T02:59:32+00:00,708.4,11:48,454.05,7:34,video_data_duration
2026-10-03T20:39:30+00:00,2026-10,Patricio M. Giuffra,Of the Seventy,seventy,saturday-afternoon,4,baseline,2026-10-03T02:59:32+00:00,605.7,10:06,454.05,7:34,video_data_duration
2026-10-03T20:39:30+00:00,2026-10,Patricio M. Giuffra,Of the Seventy,seventy,saturday-afternoon,4,ridge,2026-10-03T02:59:32+00:00,605.6,10:06,454.05,7:34,video_data_duration
2026-10-03T20:39:30+00:00,2026-10,Patricio M. Giuffra,Of the Seventy,seventy,saturday-afternoon,4,catboost_adj,2026-10-03T02:59:32+00:00,541.0,9:01,454.05,7:34,video_data_duration
2026-10-03T20:47:46+00:00,2026-10,Jeremiah J. Morgan,Of the Seventy,seventy,saturday-afternoon,5,catboost,2026-10-03T02:59:32+00:00,627.3,10:27,486.55,8:07,video_data_duration
2026-10-03T20:47:46+00:00,2026-10,Jeremiah J. Morgan,Of the Seventy,seventy,saturday-afternoon,5,naive,2026-10-03T02:59:32+00:00,708.4,11:48,486.55,8:07,video_data_duration
2026-10-03T20:47:46+00:00,2026-10,Jeremiah J. Morgan,Of the Seventy,seventy,saturday-afternoon,5,baseline,2026-10-03T02:59:32+00:00,626.3,10:26,486.55,8:07,video_data_duration
2026-10-03T20:47:46+00:00,2026-10,Jeremiah J. Morgan,Of the Seventy,seventy,saturday-afternoon,5,ridge,2026-10-03T02:59:32+00:00,642.5,10:42,486.55,8:07,video_data_duration
2026-10-03T20:47:46+00:00,2026-10,Jeremiah J. Morgan,Of the Seventy,seventy,saturday-afternoon,5,catboost_adj,2026-10-03T02:59:32+00:00,534.4,8:54,486.55,8:07,video_data_duration
2026-10-03T20:55:49+00:00,2026-10,Hutch U. Fale,Of the Seventy,seventy,saturday-afternoon,6,catboost,2026-10-03T02:59:32+00:00,623.2,10:23,527.23,8:47,video_data_duration
2026-10-03T20:55:49+00:00,2026-10,Hutch U. Fale,Of the Seventy,seventy,saturday-afternoon,6,naive,2026-10-03T02:59:32+00:00,708.4,11:48,527.23,8:47,video_data_duration
2026-10-03T20:55:49+00:00,2026-10,Hutch U. Fale,Of the Seventy,seventy,saturday-afternoon,6,baseline,2026-10-03T02:59:32+00:00,626.3,10:26,527.23,8:47,video_data_duration
2026-10-03T20:55:49+00:00,2026-10,Hutch U. Fale,Of the Seventy,seventy,saturday-afternoon,6,ridge,2026-10-03T02:59:32+00:00,653.3,10:53,527.23,8:47,video_data_duration
2026-10-03T20:55:49+00:00,2026-10,Hutch U. Fale,Of the Seventy,seventy,saturday-afternoon,6,catboost_adj,2026-10-03T02:59:32+00:00,526.9,8:47,527.23,8:47,video_data_duration
2026-10-03T21:07:02+00:00,2026-10,Patrick Kearon,Of the Quorum of the Twelve Apostles,twelve,saturday-afternoon,7,catboost,2026-10-03T02:59:32+00:00,766.3,12:46,679.55,11:20,video_data_duration
2026-10-03T21:07:02+00:00,2026-10,Patrick Kearon,Of the Quorum of the Twelve Apostles,twelve,saturday-afternoon,7,naive,2026-10-03T02:59:32+00:00,708.4,11:48,679.55,11:20,video_data_duration
2026-10-03T21:07:02+00:00,2026-10,Patrick Kearon,Of the Quorum of the Twelve Apostles,twelve,saturday-afternoon,7,baseline,2026-10-03T02:59:32+00:00,789.1,13:09,679.55,11:20,video_data_duration
2026-10-03T21:07:02+00:00,2026-10,Patrick Kearon,Of the Quorum of the Twelve Apostles,twelve,saturday-afternoon,7,ridge,2026-10-03T02:59:32+00:00,869.6,14:30,679.55,11:20,video_data_duration
2026-10-03T21:07:02+00:00,2026-10,Patrick Kearon,Of the Quorum of the Twelve Apostles,twelve,saturday-afternoon,7,catboost_adj,2026-10-03T02:59:32+00:00,669.2,11:09,679.55,11:20,video_data_duration
2026-10-04T00:55:48+00:00,2026-10,Michael A. Dunn,Of the Seventy,seventy,saturday-afternoon,8,catboost,2026-10-03T02:59:32+00:00,596.8,9:57,514.809,8:35,video_data_duration
2026-10-04T00:55:48+00:00,2026-10,Michael A. Dunn,Of the Seventy,seventy,saturday-afternoon,8,naive,2026-10-03T02:59:32+00:00,708.4,11:48,514.809,8:35,video_data_duration
2026-10-04T00:55:48+00:00,2026-10,Michael A. Dunn,Of the Seventy,seventy,saturday-afternoon,8,baseline,2026-10-03T02:59:32+00:00,619.9,10:20,514.809,8:35,video_data_duration
2026-10-04T00:55:48+00:00,2026-10,Michael A. Dunn,Of the Seventy,seventy,saturday-afternoon,8,ridge,2026-10-03T02:59:32+00:00,665.2,11:05,514.809,8:35,video_data_duration
2026-10-04T00:55:48+00:00,2026-10,Michael A. Dunn,Of the Seventy,seventy,saturday-afternoon,8,catboost_adj,2026-10-03T02:59:32+00:00,499.4,8:19,514.809,8:35,video_data_duration
2026-10-04T00:58:18+00:00,2026-10,Matthew J. Eyring,Of the Seventy,seventy,saturday-afternoon,9,catboost,2026-10-03T02:59:32+00:00,598.4,9:58,486.82,8:07,video_data_duration
2026-10-04T00:58:18+00:00,2026-10,Matthew J. Eyring,Of the Seventy,seventy,saturday-afternoon,9,naive,2026-10-03T02:59:32+00:00,708.4,11:48,486.82,8:07,video_data_duration
2026-10-04T00:58:18+00:00,2026-10,Matthew J. Eyring,Of the Seventy,seventy,saturday-afternoon,9,baseline,2026-10-03T02:59:32+00:00,626.3,10:26,486.82,8:07,video_data_duration
2026-10-04T00:58:18+00:00,2026-10,Matthew J. Eyring,Of the Seventy,seventy,saturday-afternoon,9,ridge,2026-10-03T02:59:32+00:00,685.6,11:26,486.82,8:07,video_data_duration
2026-10-04T00:58:18+00:00,2026-10,Matthew J. Eyring,Of the Seventy,seventy,saturday-afternoon,9,catboost_adj,2026-10-03T02:59:32+00:00,498.1,8:18,486.82,8:07,video_data_duration
2026-10-04T01:00:21+00:00,2026-10,Ronald A. Rasband,Of the Quorum of the Twelve Apostles,twelve,saturday-afternoon,10,catboost,2026-10-03T02:59:32+00:00,744.5,12:24,671.9,11:12,video_data_duration
2026-10-04T01:00:21+00:00,2026-10,Ronald A. Rasband,Of the Quorum of the Twelve Apostles,twelve,saturday-afternoon,10,naive,2026-10-03T02:59:32+00:00,708.4,11:48,671.9,11:12,video_data_duration
2026-10-04T01:00:21+00:00,2026-10,Ronald A. Rasband,Of the Quorum of the Twelve Apostles,twelve,saturday-afternoon,10,baseline,2026-10-03T02:59:32+00:00,818.1,13:38,671.9,11:12,video_data_duration
2026-10-04T01:00:21+00:00,2026-10,Ronald A. Rasband,Of the Quorum of the Twelve Apostles,twelve,saturday-afternoon,10,ridge,2026-10-03T02:59:32+00:00,834.9,13:55,671.9,11:12,video_data_duration
2026-10-04T01:00:21+00:00,2026-10,Ronald A. Rasband,Of the Quorum of the Twelve Apostles,twelve,saturday-afternoon,10,catboost_adj,2026-10-03T02:59:32+00:00,642.8,10:43,671.9,11:12,video_data_duration
2026-10-04T16:10:01+00:00,2026-10,Henry B. Eyring,First Counselor in the First Presidency,first_presidency_counselor,sunday-morning,1,catboost,2026-10-03T02:59:32+00:00,868.0,14:28,686.02,11:26,video_data_duration
2026-10-04T16:10:01+00:00,2026-10,Henry B. Eyring,First Counselor in the First Presidency,first_presidency_counselor,sunday-morning,1,naive,2026-10-03T02:59:32+00:00,708.4,11:48,686.02,11:26,video_data_duration
2026-10-04T16:10:01+00:00,2026-10,Henry B. Eyring,First Counselor in the First Presidency,first_presidency_counselor,sunday-morning,1,baseline,2026-10-03T02:59:32+00:00,1010.3,16:50,686.02,11:26,video_data_duration
2026-10-04T16:10:01+00:00,2026-10,Henry B. Eyring,First Counselor in the First Presidency,first_presidency_counselor,sunday-morning,1,ridge,2026-10-03T02:59:32+00:00,828.3,13:48,686.02,11:26,video_data_duration
2026-10-04T16:10:01+00:00,2026-10,Henry B. Eyring,First Counselor in the First Presidency,first_presidency_counselor,sunday-morning,1,catboost_adj,2026-10-03T02:59:32+00:00,761.7,12:42,686.02,11:26,video_data_duration
2026-10-04T16:26:47+00:00,2026-10,Rosemary K. Chibota,Primary General President,auxiliary_president,sunday-morning,2,catboost,2026-10-03T02:59:32+00:00,660.2,11:00,492.06,8:12,video_data_duration
2026-10-04T16:26:47+00:00,2026-10,Rosemary K. Chibota,Primary General President,auxiliary_president,sunday-morning,2,naive,2026-10-03T02:59:32+00:00,708.4,11:48,492.06,8:12,video_data_duration
2026-10-04T16:26:47+00:00,2026-10,Rosemary K. Chibota,Primary General President,auxiliary_president,sunday-morning,2,baseline,2026-10-03T02:59:32+00:00,693.9,11:34,492.06,8:12,video_data_duration
2026-10-04T16:26:47+00:00,2026-10,Rosemary K. Chibota,Primary General President,auxiliary_president,sunday-morning,2,ridge,2026-10-03T02:59:32+00:00,663.2,11:03,492.06,8:12,video_data_duration
2026-10-04T16:26:47+00:00,2026-10,Rosemary K. Chibota,Primary General President,auxiliary_president,sunday-morning,2,catboost_adj,2026-10-03T02:59:32+00:00,553.9,9:14,492.06,8:12,video_data_duration
2026-10-04T16:32:40+00:00,2026-10,Neil L. Andersen,Of the Quorum of the Twelve Apostles,twelve,sunday-morning,3,catboost,2026-10-03T02:59:32+00:00,777.1,12:57,672.27,11:12,video_data_duration
2026-10-04T16:32:40+00:00,2026-10,Neil L. Andersen,Of the Quorum of the Twelve Apostles,twelve,sunday-morning,3,naive,2026-10-03T02:59:32+00:00,708.4,11:48,672.27,11:12,video_data_duration
2026-10-04T16:32:40+00:00,2026-10,Neil L. Andersen,Of the Quorum of the Twelve Apostles,twelve,sunday-morning,3,baseline,2026-10-03T02:59:32+00:00,894.0,14:54,672.27,11:12,video_data_duration
2026-10-04T16:32:40+00:00,2026-10,Neil L. Andersen,Of the Quorum of the Twelve Apostles,twelve,sunday-morning,3,ridge,2026-10-03T02:59:32+00:00,846.1,14:06,672.27,11:12,video_data_duration
2026-10-04T16:32:40+00:00,2026-10,Neil L. Andersen,Of the Quorum of the Twelve Apostles,twelve,sunday-morning,3,catboost_adj,2026-10-03T02:59:32+00:00,663.7,11:04,672.27,11:12,video_data_duration
2026-10-04T16:43:47+00:00,2026-10,James O. Fantone,Of the Seventy,seventy,sunday-morning,4,catboost,2026-10-03T02:59:32+00:00,625.5,10:26,503.84,8:24,video_data_duration
2026-10-04T16:43:47+00:00,2026-10,James O. Fantone,Of the Seventy,seventy,sunday-morning,4,naive,2026-10-03T02:59:32+00:00,708.4,11:48,503.84,8:24,video_data_duration
2026-10-04T16:43:47+00:00,2026-10,James O. Fantone,Of the Seventy,seventy,sunday-morning,4,baseline,2026-10-03T02:59:32+00:00,626.3,10:26,503.84,8:24,video_data_duration
2026-10-04T16:43:47+00:00,2026-10,James O. Fantone,Of the Seventy,seventy,sunday-morning,4,ridge,2026-10-03T02:59:32+00:00,670.1,11:10,503.84,8:24,video_data_duration
2026-10-04T16:43:47+00:00,2026-10,James O. Fantone,Of the Seventy,seventy,sunday-morning,4,catboost_adj,2026-10-03T02:59:32+00:00,511.8,8:32,503.84,8:24,video_data_duration
2026-10-04T16:52:00+00:00,2026-10,Edward Dube,Presidency of the Seventy,seventy_presidency,sunday-morning,5,catboost,2026-10-03T02:59:32+00:00,665.6,11:06,540.74,9:01,video_data_duration
2026-10-04T16:52:00+00:00,2026-10,Edward Dube,Presidency of the Seventy,seventy_presidency,sunday-morning,5,naive,2026-10-03T02:59:32+00:00,708.4,11:48,540.74,9:01,video_data_duration
2026-10-04T16:52:00+00:00,2026-10,Edward Dube,Presidency of the Seventy,seventy_presidency,sunday-morning,5,baseline,2026-10-03T02:59:32+00:00,627.6,10:28,540.74,9:01,video_data_duration
2026-10-04T16:52:00+00:00,2026-10,Edward Dube,Presidency of the Seventy,seventy_presidency,sunday-morning,5,ridge,2026-10-03T02:59:32+00:00,649.5,10:50,540.74,9:01,video_data_duration
2026-10-04T16:52:00+00:00,2026-10,Edward Dube,Presidency of the Seventy,seventy_presidency,sunday-morning,5,catboost_adj,2026-10-03T02:59:32+00:00,550.9,9:11,540.74,9:01,video_data_duration
2026-10-04T17:04:30+00:00,2026-10,Quentin L. Cook,Of the Quorum of the Twelve Apostles,twelve,sunday-morning,6,catboost,2026-10-03T02:59:32+00:00,810.7,13:31,708.61,11:49,video_data_duration
2026-10-04T17:04:30+00:00,2026-10,Quentin L. Cook,Of the Quorum of the Twelve Apostles,twelve,sunday-morning,6,naive,2026-10-03T02:59:32+00:00,708.4,11:48,708.61,11:49,video_data_duration
2026-10-04T17:04:30+00:00,2026-10,Quentin L. Cook,Of the Quorum of the Twelve Apostles,twelve,sunday-morning,6,baseline,2026-10-03T02:59:32+00:00,897.6,14:58,708.61,11:49,video_data_duration
2026-10-04T17:04:30+00:00,2026-10,Quentin L. Cook,Of the Quorum of the Twelve Apostles,twelve,sunday-morning,6,ridge,2026-10-03T02:59:32+00:00,866.4,14:26,708.61,11:49,video_data_duration
2026-10-04T17:04:30+00:00,2026-10,Quentin L. Cook,Of the Quorum of the Twelve Apostles,twelve,sunday-morning,6,catboost_adj,2026-10-03T02:59:32+00:00,695.1,11:35,708.61,11:49,video_data_duration
2026-10-04T17:16:16+00:00,2026-10,Alfred Kyungu,Of the Seventy,seventy,sunday-morning,7,catboost,2026-10-03T02:59:32+00:00,614.6,10:15,467.6,7:48,video_data_duration
2026-10-04T17:16:16+00:00,2026-10,Alfred Kyungu,Of the Seventy,seventy,sunday-morning,7,naive,2026-10-03T02:59:32+00:00,708.4,11:48,467.6,7:48,video_data_duration
2026-10-04T17:16:16+00:00,2026-10,Alfred Kyungu,Of the Seventy,seventy,sunday-morning,7,baseline,2026-10-03T02:59:32+00:00,616.9,10:17,467.6,7:48,video_data_duration
2026-10-04T17:16:16+00:00,2026-10,Alfred Kyungu,Of the Seventy,seventy,sunday-morning,7,ridge,2026-10-03T02:59:32+00:00,689.3,11:29,467.6,7:48,video_data_duration
2026-10-04T17:16:16+00:00,2026-10,Alfred Kyungu,Of the Seventy,seventy,sunday-morning,7,catboost_adj,2026-10-03T02:59:32+00:00,498.9,8:19,467.6,7:48,video_data_duration
2026-10-04T17:24:00+00:00,2026-10,Ciro Schmeil,Of the Seventy,seventy,sunday-morning,8,catboost,2026-10-03T02:59:32+00:00,595.4,9:55,503.2,8:23,video_data_duration
2026-10-04T17:24:00+00:00,2026-10,Ciro Schmeil,Of the Seventy,seventy,sunday-morning,8,naive,2026-10-03T02:59:32+00:00,708.4,11:48,503.2,8:23,video_data_duration
2026-10-04T17:24:00+00:00,2026-10,Ciro Schmeil,Of the Seventy,seventy,sunday-morning,8,baseline,2026-10-03T02:59:32+00:00,599.8,10:00,503.2,8:23,video_data_duration
2026-10-04T17:24:00+00:00,2026-10,Ciro Schmeil,Of the Seventy,seventy,sunday-morning,8,ridge,2026-10-03T02:59:32+00:00,680.2,11:20,503.2,8:23,video_data_duration
2026-10-04T17:24:00+00:00,2026-10,Ciro Schmeil,Of the Seventy,seventy,sunday-morning,8,catboost_adj,2026-10-03T02:59:32+00:00,478.2,7:58,503.2,8:23,video_data_duration
2026-10-04T17:36:10+00:00,2026-10,Dallin H. Oaks,President of The Church of Jesus Christ of Latter-day Saints,church_president,sunday-morning,9,catboost,2026-10-03T02:59:32+00:00,677.3,11:17,800.83,13:21,video_data_duration
2026-10-04T17:36:10+00:00,2026-10,Dallin H. Oaks,President of The Church of Jesus Christ of Latter-day Saints,church_president,sunday-morning,9,naive,2026-10-03T02:59:32+00:00,708.4,11:48,800.83,13:21,video_data_duration
2026-10-04T17:36:10+00:00,2026-10,Dallin H. Oaks,President of The Church of Jesus Christ of Latter-day Saints,church_president,sunday-morning,9,baseline,2026-10-03T02:59:32+00:00,842.7,14:03,800.83,13:21,video_data_duration
2026-10-04T17:36:10+00:00,2026-10,Dallin H. Oaks,President of The Church of Jesus Christ of Latter-day Saints,church_president,sunday-morning,9,ridge,2026-10-03T02:59:32+00:00,730.2,12:10,800.83,13:21,video_data_duration
2026-10-04T17:36:10+00:00,2026-10,Dallin H. Oaks,President of The Church of Jesus Christ of Latter-day Saints,church_president,sunday-morning,9,catboost_adj,2026-10-03T02:59:32+00:00,560.3,9:20,800.83,13:21,video_data_duration
2026-10-04T20:08:29+00:00,2026-10,Dieter F. Uchtdorf,Acting President of the Quorum of the Twelve Apostles,twelve_president,sunday-afternoon,1,catboost,2026-10-03T02:59:32+00:00,784.9,13:05,746.75,12:27,video_data_duration
2026-10-04T20:08:29+00:00,2026-10,Dieter F. Uchtdorf,Acting President of the Quorum of the Twelve Apostles,twelve_president,sunday-afternoon,1,naive,2026-10-03T02:59:32+00:00,708.4,11:48,746.75,12:27,video_data_duration
2026-10-04T20:08:29+00:00,2026-10,Dieter F. Uchtdorf,Acting President of the Quorum of the Twelve Apostles,twelve_president,sunday-afternoon,1,baseline,2026-10-03T02:59:32+00:00,1076.4,17:56,746.75,12:27,video_data_duration
2026-10-04T20:08:29+00:00,2026-10,Dieter F. Uchtdorf,Acting President of the Quorum of the Twelve Apostles,twelve_president,sunday-afternoon,1,ridge,2026-10-03T02:59:32+00:00,799.8,13:20,746.75,12:27,video_data_duration
2026-10-04T20:08:29+00:00,2026-10,Dieter F. Uchtdorf,Acting President of the Quorum of the Twelve Apostles,twelve_president,sunday-afternoon,1,catboost_adj,2026-10-03T02:59:32+00:00,667.9,11:08,746.75,12:27,video_data_duration
2026-10-04T21:07:34+00:00,2026-10,Andrea Muñoz Spannaus,Second Counselor in the Young Women General Presidency,auxiliary_counselor,sunday-afternoon,2,catboost,2026-10-03T02:59:32+00:00,650.8,10:51,495.73,8:16,video_data_duration
2026-10-04T21:07:34+00:00,2026-10,Andrea Muñoz Spannaus,Second Counselor in the Young Women General Presidency,auxiliary_counselor,sunday-afternoon,2,naive,2026-10-03T02:59:32+00:00,708.4,11:48,495.73,8:16,video_data_duration
2026-10-04T21:07:34+00:00,2026-10,Andrea Muñoz Spannaus,Second Counselor in the Young Women General Presidency,auxiliary_counselor,sunday-afternoon,2,baseline,2026-10-03T02:59:32+00:00,674.9,11:15,495.73,8:16,video_data_duration
2026-10-04T21:07:34+00:00,2026-10,Andrea Muñoz Spannaus,Second Counselor in the Young Women General Presidency,auxiliary_counselor,sunday-afternoon,2,ridge,2026-10-03T02:59:32+00:00,646.2,10:46,495.73,8:16,video_data_duration
2026-10-04T21:07:34+00:00,2026-10,Andrea Muñoz Spannaus,Second Counselor in the Young Women General Presidency,auxiliary_counselor,sunday-afternoon,2,catboost_adj,2026-10-03T02:59:32+00:00,535.7,8:56,495.73,8:16,video_data_duration
2026-10-04T21:08:02+00:00,2026-10,Moisés Villanueva,Of the Seventy,seventy,sunday-afternoon,3,catboost,2026-10-03T02:59:32+00:00,628.3,10:28,481.18,8:01,video_data_duration
2026-10-04T21:08:02+00:00,2026-10,Moisés Villanueva,Of the Seventy,seventy,sunday-afternoon,3,naive,2026-10-03T02:59:32+00:00,708.4,11:48,481.18,8:01,video_data_duration
2026-10-04T21:08:02+00:00,2026-10,Moisés Villanueva,Of the Seventy,seventy,sunday-afternoon,3,baseline,2026-10-03T02:59:32+00:00,604.6,10:05,481.18,8:01,video_data_duration
2026-10-04T21:08:02+00:00,2026-10,Moisés Villanueva,Of the Seventy,seventy,sunday-afternoon,3,ridge,2026-10-03T02:59:32+00:00,576.4,9:36,481.18,8:01,video_data_duration
2026-10-04T21:08:02+00:00,2026-10,Moisés Villanueva,Of the Seventy,seventy,sunday-afternoon,3,catboost_adj,2026-10-03T02:59:32+00:00,511.5,8:32,481.18,8:01,video_data_duration
2026-10-04T21:11:51+00:00,2026-10,David A. Bednar,Of the Quorum of the Twelve Apostles,twelve,sunday-afternoon,4,catboost,2026-10-03T02:59:32+00:00,789.7,13:10,743.84,12:24,video_data_duration
2026-10-04T21:11:51+00:00,2026-10,David A. Bednar,Of the Quorum of the Twelve Apostles,twelve,sunday-afternoon,4,naive,2026-10-03T02:59:32+00:00,708.4,11:48,743.84,12:24,video_data_duration
2026-10-04T21:11:51+00:00,2026-10,David A. Bednar,Of the Quorum of the Twelve Apostles,twelve,sunday-afternoon,4,baseline,2026-10-03T02:59:32+00:00,923.9,15:24,743.84,12:24,video_data_duration
2026-10-04T21:11:51+00:00,2026-10,David A. Bednar,Of the Quorum of the Twelve Apostles,twelve,sunday-afternoon,4,ridge,2026-10-03T02:59:32+00:00,815.3,13:35,743.84,12:24,video_data_duration
2026-10-04T21:11:51+00:00,2026-10,David A. Bednar,Of the Quorum of the Twelve Apostles,twelve,sunday-afternoon,4,catboost_adj,2026-10-03T02:59:32+00:00,671.5,11:12,743.84,12:24,video_data_duration
2026-10-04T21:13:38+00:00,2026-10,Thabo Lebethoa,Of the Seventy,seventy,sunday-afternoon,5,catboost,2026-10-03T02:59:32+00:00,628.6,10:29,491.79,8:12,video_data_duration
2026-10-04T21:13:38+00:00,2026-10,Thabo Lebethoa,Of the Seventy,seventy,sunday-afternoon,5,naive,2026-10-03T02:59:32+00:00,708.4,11:48,491.79,8:12,video_data_duration
2026-10-04T21:13:38+00:00,2026-10,Thabo Lebethoa,Of the Seventy,seventy,sunday-afternoon,5,baseline,2026-10-03T02:59:32+00:00,626.3,10:26,491.79,8:12,video_data_duration
2026-10-04T21:13:38+00:00,2026-10,Thabo Lebethoa,Of the Seventy,seventy,sunday-afternoon,5,ridge,2026-10-03T02:59:32+00:00,625.3,10:25,491.79,8:12,video_data_duration
2026-10-04T21:13:38+00:00,2026-10,Thabo Lebethoa,Of the Seventy,seventy,sunday-afternoon,5,catboost_adj,2026-10-03T02:59:32+00:00,512.1,8:32,491.79,8:12,video_data_duration
2026-10-04T21:14:21+00:00,2026-10,Paul H. Sinclair,Of the Seventy,seventy,sunday-afternoon,6,catboost,2026-10-03T02:59:32+00:00,625.2,10:25,495.76,8:16,video_data_duration
2026-10-04T21:14:21+00:00,2026-10,Paul H. Sinclair,Of the Seventy,seventy,sunday-afternoon,6,naive,2026-10-03T02:59:32+00:00,708.4,11:48,495.76,8:16,video_data_duration
2026-10-04T21:14:21+00:00,2026-10,Paul H. Sinclair,Of the Seventy,seventy,sunday-afternoon,6,baseline,2026-10-03T02:59:32+00:00,626.3,10:26,495.76,8:16,video_data_duration
2026-10-04T21:14:21+00:00,2026-10,Paul H. Sinclair,Of the Seventy,seventy,sunday-afternoon,6,ridge,2026-10-03T02:59:32+00:00,636.1,10:36,495.76,8:16,video_data_duration
2026-10-04T21:14:21+00:00,2026-10,Paul H. Sinclair,Of the Seventy,seventy,sunday-afternoon,6,catboost_adj,2026-10-03T02:59:32+00:00,507.7,8:28,495.76,8:16,video_data_duration
2026-10-04T21:14:58+00:00,2026-10,Gary E. Stevenson,Of the Quorum of the Twelve Apostles,twelve,sunday-afternoon,7,catboost,2026-10-03T02:59:32+00:00,774.2,12:54,676.24,11:16,video_data_duration
2026-10-04T21:14:58+00:00,2026-10,Gary E. Stevenson,Of the Quorum of the Twelve Apostles,twelve,sunday-afternoon,7,naive,2026-10-03T02:59:32+00:00,708.4,11:48,676.24,11:16,video_data_duration
2026-10-04T21:14:58+00:00,2026-10,Gary E. Stevenson,Of the Quorum of the Twelve Apostles,twelve,sunday-afternoon,7,baseline,2026-10-03T02:59:32+00:00,833.7,13:54,676.24,11:16,video_data_duration
2026-10-04T21:14:58+00:00,2026-10,Gary E. Stevenson,Of the Quorum of the Twelve Apostles,twelve,sunday-afternoon,7,ridge,2026-10-03T02:59:32+00:00,798.2,13:18,676.24,11:16,video_data_duration
2026-10-04T21:14:58+00:00,2026-10,Gary E. Stevenson,Of the Quorum of the Twelve Apostles,twelve,sunday-afternoon,7,catboost_adj,2026-10-03T02:59:32+00:00,656.1,10:56,676.24,11:16,video_data_duration
2026-10-04T21:26:04+00:00,2026-10,Gabriel W. Reid,Second Counselor in the Sunday School General Presidency,auxiliary_counselor,sunday-afternoon,8,catboost,2026-10-03T02:59:32+00:00,630.7,10:31,519.99,8:40,video_data_duration
2026-10-04T21:26:04+00:00,2026-10,Gabriel W. Reid,Second Counselor in the Sunday School General Presidency,auxiliary_counselor,sunday-afternoon,8,naive,2026-10-03T02:59:32+00:00,708.4,11:48,519.99,8:40,video_data_duration
2026-10-04T21:26:04+00:00,2026-10,Gabriel W. Reid,Second Counselor in the Sunday School General Presidency,auxiliary_counselor,sunday-afternoon,8,baseline,2026-10-03T02:59:32+00:00,673.9,11:14,519.99,8:40,video_data_duration
2026-10-04T21:26:04+00:00,2026-10,Gabriel W. Reid,Second Counselor in the Sunday School General Presidency,auxiliary_counselor,sunday-afternoon,8,ridge,2026-10-03T02:59:32+00:00,679.2,11:19,519.99,8:40,video_data_duration
2026-10-04T21:26:04+00:00,2026-10,Gabriel W. Reid,Second Counselor in the Sunday School General Presidency,auxiliary_counselor,sunday-afternoon,8,catboost_adj,2026-10-03T02:59:32+00:00,512.8,8:33,519.99,8:40,video_data_duration
2026-10-04T21:33:10+00:00,2026-10,Clark G. Gilbert,Of the Quorum of the Twelve Apostles,twelve,sunday-afternoon,9,catboost,2026-10-03T02:59:32+00:00,758.9,12:39,720.22,12:00,video_data_duration
2026-10-04T21:33:10+00:00,2026-10,Clark G. Gilbert,Of the Quorum of the Twelve Apostles,twelve,sunday-afternoon,9,naive,2026-10-03T02:59:32+00:00,708.4,11:48,720.22,12:00,video_data_duration
2026-10-04T21:33:10+00:00,2026-10,Clark G. Gilbert,Of the Quorum of the Twelve Apostles,twelve,sunday-afternoon,9,baseline,2026-10-03T02:59:32+00:00,810.0,13:30,720.22,12:00,video_data_duration
2026-10-04T21:33:10+00:00,2026-10,Clark G. Gilbert,Of the Quorum of the Twelve Apostles,twelve,sunday-afternoon,9,ridge,2026-10-03T02:59:32+00:00,858.0,14:18,720.22,12:00,video_data_duration
2026-10-04T21:33:10+00:00,2026-10,Clark G. Gilbert,Of the Quorum of the Twelve Apostles,twelve,sunday-afternoon,9,catboost_adj,2026-10-03T02:59:32+00:00,640.7,10:41,720.22,12:00,video_data_duration
2026-10-04T21:45:32+00:00,2026-10,Dallin H. Oaks,President of The Church of Jesus Christ of Latter-day Saints,church_president,sunday-afternoon,10,catboost,2026-10-03T02:59:32+00:00,531.7,8:52,197.73,3:18,video_data_duration
2026-10-04T21:45:32+00:00,2026-10,Dallin H. Oaks,President of The Church of Jesus Christ of Latter-day Saints,church_president,sunday-afternoon,10,naive,2026-10-03T02:59:32+00:00,708.4,11:48,197.73,3:18,video_data_duration
2026-10-04T21:45:32+00:00,2026-10,Dallin H. Oaks,President of The Church of Jesus Christ of Latter-day Saints,church_president,sunday-afternoon,10,baseline,2026-10-03T02:59:32+00:00,842.7,14:03,197.73,3:18,video_data_duration
2026-10-04T21:45:32+00:00,2026-10,Dallin H. Oaks,President of The Church of Jesus Christ of Latter-day Saints,church_president,sunday-afternoon,10,ridge,2026-10-03T02:59:32+00:00,685.4,11:25,197.73,3:18,video_data_duration
2026-10-04T21:45:32+00:00,2026-10,Dallin H. Oaks,President of The Church of Jesus Christ of Latter-day Saints,church_president,sunday-afternoon,10,catboost_adj,2026-10-03T02:59:32+00:00,414.8,6:55,197.73,3:18,video_data_duration
